OBJECTID,FLD_AR_ID,FLD_ZONE,FLOODWAY,SFHA_TF,STATIC_BFE,V_DATUM,DEPTH,LEN_UNIT,VELOCITY,VEL_UNIT,AR_REVERT,BFE_REVERT,DEP_REVERT,SOURCE_CIT,Shape__Area,Shape__Length
1,81,AE,FLOODWAY,T,-9999, ,-9999, ,-9999, , ,-9999,-9999,FIS1,8063345.81958008,174045.110643183
2,82,AE,FLOODWAY,T,-9999, ,-9999, ,-9999, , ,-9999,-9999,FIS1,399475.757507324,16190.8947727073
3,83,AE,FLOODWAY,T,-9999, ,-9999, ,-9999, , ,-9999,-9999,FIS1,16545036.9879761,124312.624295702
4,84,AE,FLOODWAY,T,-9999, ,-9999, ,-9999, , ,-9999,-9999,FIS1,31387543.9893188,177894.44857767
5,85,AE,FLOODWAY,T,-9999, ,-9999, ,-9999, , ,-9999,-9999,FIS1,88963.8620605469,2922.79126891453
6,86,AE,FLOODWAY,T,-9999, ,-9999, ,-9999, , ,-9999,-9999,FIS1,2241846.68676758,17523.6363470215
7,87,AE,FLOODWAY,T,-9999, ,-9999, ,-9999, , ,-9999,-9999,FIS1,7958740.77911377,62761.4679582253
8,88,AE,FLOODWAY,T,-9999, ,-9999, ,-9999, , ,-9999,-9999,FIS1,5755115.5604248,96308.059475134
9,91,AE, ,T,-9999, ,-9999, ,-9999, , ,-9999,-9999,FIS1,8324.58258056641,1024.873843804
10,92,AE, ,T,-9999, ,-9999, ,-9999, , ,-9999,-9999,FIS1,133845.755554199,4185.49902189684
11,96,AE, ,T,-9999, ,-9999, ,-9999, , ,-9999,-9999,FIS1,2459.07110595703,241.824878667608
12,98,AE, ,T,-9999, ,-9999, ,-9999, , ,-9999,-9999,FIS1,86565.7174682617,3835.70764257745
13,101,AE, ,T,-9999, ,-9999, ,-9999, , ,-9999,-9999,FIS1,54692.0252685547,2614.7624305101
14,102,AE, ,T,-9999, ,-9999, ,-9999, , ,-9999,-9999,FIS1,2634.30816650391,258.841150375003
15,104,AE, ,T,-9999, ,-9999, ,-9999, , ,-9999,-9999,FIS1,19698.9766235352,804.679792393449
16,106,AE, ,T,-9999, ,-9999, ,-9999, , ,-9999,-9999,FIS1,36249.9981079102,2200.79881484938
17,107,AE, ,T,-9999, ,-9999, ,-9999, , ,-9999,-9999,FIS1,49581.4030761719,1422.25824487529
18,109,AE, ,T,-9999, ,-9999, ,-9999, , ,-9999,-9999,FIS1,38790.8069458008,1591.5077685948
19,112,AE, ,T,-9999, ,-9999, ,-9999, , ,-9999,-9999,FIS1,18106.4794311523,954.232811604415
20,113,AE, ,T,-9999, ,-9999, ,-9999, , ,-9999,-9999,FIS1,214846.168273926,3863.22904786066
21,115,AE, ,T,-9999, ,-9999, ,-9999, , ,-9999,-9999,FIS1,17714.4921875,1013.80439431809
22,116,AE, ,T,-9999, ,-9999, ,-9999, , ,-9999,-9999,FIS1,245719.070800781,2309.74521283414
23,117,AE, ,T,-9999, ,-9999, ,-9999, , ,-9999,-9999,FIS1,596.951232910156,161.451380469332
24,119,AE, ,T,-9999, ,-9999, ,-9999, , ,-9999,-9999,FIS1,57918.5924682617,2803.52680155133
25,120,AE, ,T,-9999, ,-9999, ,-9999, , ,-9999,-9999,FIS1,83446.8366699219,2030.15934484797
26,121,AE, ,T,-9999, ,-9999, ,-9999, , ,-9999,-9999,FIS1,5625.42932128906,343.678078461725
27,124,AE, ,T,-9999, ,-9999, ,-9999, , ,-9999,-9999,FIS1,50880.7816162109,2046.83708558134
28,127,AE, ,T,-9999, ,-9999, ,-9999, , ,-9999,-9999,FIS1,9240.42510986328,1423.12228068524
29,129,AE, ,T,-9999, ,-9999, ,-9999, , ,-9999,-9999,FIS1,3406.05541992188,558.774556155105
30,130,AE, ,T,-9999, ,-9999, ,-9999, , ,-9999,-9999,FIS1,32966.6210327148,1937.69540791795
31,134,AE, ,T,-9999, ,-9999, ,-9999, , ,-9999,-9999,FIS1,22946.987121582,1001.35424750523
32,135,AE, ,T,-9999, ,-9999, ,-9999, , ,-9999,-9999,FIS1,15114.5795898438,973.122405761519
33,137,AE, ,T,-9999, ,-9999, ,-9999, , ,-9999,-9999,FIS1,18671.1602783203,1788.91862466404
34,138,AE, ,T,-9999, ,-9999, ,-9999, , ,-9999,-9999,FIS1,34184.3452758789,1936.56110321006
35,140,AE, ,T,-9999, ,-9999, ,-9999, , ,-9999,-9999,FIS1,23824.5527954102,897.662283218246
36,141,AE, ,T,-9999, ,-9999, ,-9999, , ,-9999,-9999,FIS1,13510.9981689453,663.361223579709
37,142,AE, ,T,-9999, ,-9999, ,-9999, , ,-9999,-9999,FIS1,45172.9403686523,3729.75598106902
38,144,AE, ,T,-9999, ,-9999, ,-9999, , ,-9999,-9999,FIS1,69388.2142944336,1611.19576929962
39,146,AE, ,T,-9999, ,-9999, ,-9999, , ,-9999,-9999,FIS1,79346.7093505859,2510.66102413949
40,150,AE, ,T,-9999, ,-9999, ,-9999, , ,-9999,-9999,FIS1,122648.003051758,3024.67058646329
41,154,AE, ,T,-9999, ,-9999, ,-9999, , ,-9999,-9999,FIS1,28371.0798950195,1485.17086098719
42,157,AE, ,T,-9999, ,-9999, ,-9999, , ,-9999,-9999,FIS1,705.955322265625,133.448622654323
43,159,AE, ,T,-9999, ,-9999, ,-9999, , ,-9999,-9999,FIS1,2925.1962890625,303.601136561171
44,160,AE, ,T,-9999, ,-9999, ,-9999, , ,-9999,-9999,FIS1,183552.171813965,2603.20634865873
45,165,AE, ,T,-9999, ,-9999, ,-9999, , ,-9999,-9999,FIS1,122087.09362793,3557.94188205978
46,166,AE, ,T,-9999, ,-9999, ,-9999, , ,-9999,-9999,FIS1,4689.76336669922,357.488929840365
47,167,AE, ,T,-9999, ,-9999, ,-9999, , ,-9999,-9999,FIS1,3384.53912353516,345.682710542887
48,169,AE, ,T,-9999, ,-9999, ,-9999, , ,-9999,-9999,FIS1,87983.1580810547,2789.97204877809
49,174,AE, ,T,-9999, ,-9999, ,-9999, , ,-9999,-9999,FIS1,43569.2585449219,2148.07501413337
50,177,AE, ,T,-9999, ,-9999, ,-9999, , ,-9999,-9999,FIS1,14030.354675293,709.912260457449
51,179,AE, ,T,-9999, ,-9999, ,-9999, , ,-9999,-9999,FIS1,24333.3130493164,1009.26465287742
52,181,AE, ,T,-9999, ,-9999, ,-9999, , ,-9999,-9999,FIS1,14287.2623291016,678.010324106632
53,183,AE, ,T,-9999, ,-9999, ,-9999, , ,-9999,-9999,FIS1,12951.2736206055,656.185478582841
54,184,AE, ,T,-9999, ,-9999, ,-9999, , ,-9999,-9999,FIS1,38925.0618286133,1467.76087068294
55,187,AE, ,T,-9999, ,-9999, ,-9999, , ,-9999,-9999,FIS1,4029.94158935547,566.64317137398
56,188,AE, ,T,-9999, ,-9999, ,-9999, , ,-9999,-9999,FIS1,111723.599060059,3261.42200886304
57,190,AE, ,T,-9999, ,-9999, ,-9999, , ,-9999,-9999,FIS1,218515.126708984,7971.19064349655
58,191,AE, ,T,-9999, ,-9999, ,-9999, , ,-9999,-9999,FIS1,590.990173339844,177.963110499911
59,192,AE, ,T,-9999, ,-9999, ,-9999, , ,-9999,-9999,FIS1,1185.7900390625,291.649652536935
60,195,AE, ,T,-9999, ,-9999, ,-9999, , ,-9999,-9999,FIS1,624.427124023438,203.371664420507
61,196,AE, ,T,-9999, ,-9999, ,-9999, , ,-9999,-9999,FIS1,6540.27105712891,1012.96022181942
62,201,AE, ,T,-9999, ,-9999, ,-9999, , ,-9999,-9999,FIS1,3700.7685546875,296.555496881728
63,202,AE, ,T,-9999, ,-9999, ,-9999, , ,-9999,-9999,FIS1,128996.207946777,2705.18664135346
64,204,AE, ,T,-9999, ,-9999, ,-9999, , ,-9999,-9999,FIS1,60935.0867919922,2709.50119872748
65,207,AE, ,T,-9999, ,-9999, ,-9999, , ,-9999,-9999,FIS1,9563.34362792969,610.136460687221
66,208,AE, ,T,-9999, ,-9999, ,-9999, , ,-9999,-9999,FIS1,11165.9401245117,833.292338659336
67,210,AE, ,T,-9999, ,-9999, ,-9999, , ,-9999,-9999,FIS1,5538.51422119141,396.837368916539
68,216,AE, ,T,-9999, ,-9999, ,-9999, , ,-9999,-9999,FIS1,2821.44714355469,425.102368535547
69,218,AE, ,T,-9999, ,-9999, ,-9999, , ,-9999,-9999,FIS1,446706.159790039,7280.74295387759
70,219,AE, ,T,-9999, ,-9999, ,-9999, , ,-9999,-9999,FIS1,11872.3349609375,802.969140109337
71,220,AE, ,T,-9999, ,-9999, ,-9999, , ,-9999,-9999,FIS1,7641.69073486328,888.440422659671
72,224,AE, ,T,-9999, ,-9999, ,-9999, , ,-9999,-9999,FIS1,51934.770690918,3582.31289346923
73,225,AE, ,T,-9999, ,-9999, ,-9999, , ,-9999,-9999,FIS1,92286.5610351563,1922.31111692731
74,226,AE, ,T,-9999, ,-9999, ,-9999, , ,-9999,-9999,FIS1,457.36962890625,135.861832107116
75,228,AE, ,T,-9999, ,-9999, ,-9999, , ,-9999,-9999,FIS1,206732.48815918,5513.76417658248
76,236,AE, ,T,-9999, ,-9999, ,-9999, , ,-9999,-9999,FIS1,41315.5405883789,1877.07913267416
77,238,AE, ,T,-9999, ,-9999, ,-9999, , ,-9999,-9999,FIS1,572.472717285156,165.390574472795
78,239,AE, ,T,-9999, ,-9999, ,-9999, , ,-9999,-9999,FIS1,36553.4337158203,1383.98611389966
79,241,AE, ,T,-9999, ,-9999, ,-9999, , ,-9999,-9999,FIS1,35981.6585693359,1956.96771757247
80,244,AE, ,T,-9999, ,-9999, ,-9999, , ,-9999,-9999,FIS1,362129.520202637,5814.31636844458
81,245,AE, ,T,-9999, ,-9999, ,-9999, , ,-9999,-9999,FIS1,11233.5877685547,821.003077586374
82,246,A, ,T,-9999, ,-9999, ,-9999, , ,-9999,-9999,FIS1,677735.40020752,6888.20657930207
83,249,AE, ,T,-9999, ,-9999, ,-9999, , ,-9999,-9999,FIS1,107337.532958984,2900.51063980617
84,251,AE, ,T,-9999, ,-9999, ,-9999, , ,-9999,-9999,FIS1,495675.294799805,9749.86131254318
85,254,AE, ,T,-9999, ,-9999, ,-9999, , ,-9999,-9999,FIS1,250435.127319336,8146.70247796194
86,260,AE, ,T,-9999, ,-9999, ,-9999, , ,-9999,-9999,FIS1,387366.289428711,10046.2254016451
87,261,AE, ,T,-9999, ,-9999, ,-9999, , ,-9999,-9999,FIS1,65126.991027832,2933.49456749978
88,265,AE, ,T,-9999, ,-9999, ,-9999, , ,-9999,-9999,FIS1,453258.45916748,6099.35049403892
89,267,AE, ,T,-9999, ,-9999, ,-9999, , ,-9999,-9999,FIS1,26781.1120605469,1307.97275020792
90,269,AE, ,T,-9999, ,-9999, ,-9999, , ,-9999,-9999,FIS1,3077.57360839844,311.708714035448
91,271,AE, ,T,-9999, ,-9999, ,-9999, , ,-9999,-9999,FIS1,4238.02893066406,501.011338549635
92,272,AE, ,T,-9999, ,-9999, ,-9999, , ,-9999,-9999,FIS1,315582.848266602,4561.53866647296
93,273,AE, ,T,-9999, ,-9999, ,-9999, , ,-9999,-9999,FIS1,554075.551391602,3621.20300148839
94,274,AE, ,T,-9999, ,-9999, ,-9999, , ,-9999,-9999,FIS1,154020.731323242,3497.39792430912
95,275,AE, ,T,-9999, ,-9999, ,-9999, , ,-9999,-9999,FIS1,4796.89404296875,640.042933425353
96,278,AE, ,T,-9999, ,-9999, ,-9999, , ,-9999,-9999,FIS1,54254.6940307617,1627.62782194425
97,279,AE, ,T,-9999, ,-9999, ,-9999, , ,-9999,-9999,FIS1,610.643310546875,174.210470217261
98,284,AE, ,T,-9999, ,-9999, ,-9999, , ,-9999,-9999,FIS1,24973.9705200195,1081.95680920837
99,285,AE, ,T,-9999, ,-9999, ,-9999, , ,-9999,-9999,FIS1,8730.39111328125,454.469415591336
100,286,AE, ,T,-9999, ,-9999, ,-9999, , ,-9999,-9999,FIS1,13396.6528320313,1005.03003998533
101,287,AE, ,T,-9999, ,-9999, ,-9999, , ,-9999,-9999,FIS1,81536.7114868164,1823.87401431494
102,289,AE, ,T,-9999, ,-9999, ,-9999, , ,-9999,-9999,FIS1,6021.43603515625,529.919661893175
103,290,AE, ,T,-9999, ,-9999, ,-9999, , ,-9999,-9999,FIS1,191442.698974609,6625.85654508837
104,294,AE, ,T,-9999, ,-9999, ,-9999, , ,-9999,-9999,FIS1,404.496398925781,93.6890480236729
105,296,AE, ,T,-9999, ,-9999, ,-9999, , ,-9999,-9999,FIS1,45349.2207641602,2194.63251209749
106,297,AE, ,T,-9999, ,-9999, ,-9999, , ,-9999,-9999,FIS1,51146.0408325195,1854.29150741574
107,298,AE, ,T,-9999, ,-9999, ,-9999, , ,-9999,-9999,FIS1,1399.67718505859,208.076344826207
108,301,AE, ,T,-9999, ,-9999, ,-9999, , ,-9999,-9999,FIS1,21301.7431030273,906.892589380168
109,306,AE, ,T,-9999, ,-9999, ,-9999, , ,-9999,-9999,FIS1,260257.914428711,5008.62145160281
110,309,AE, ,T,-9999, ,-9999, ,-9999, , ,-9999,-9999,FIS1,56893.1110839844,2293.37711986382
111,310,AE, ,T,-9999, ,-9999, ,-9999, , ,-9999,-9999,FIS1,559392.818847656,18246.6032595157
112,312,AE, ,T,-9999, ,-9999, ,-9999, , ,-9999,-9999,FIS1,14408.3892822266,1348.61227371899
113,317,AE, ,T,-9999, ,-9999, ,-9999, , ,-9999,-9999,FIS1,125120.906921387,2948.94519972502
114,319,AE, ,T,-9999, ,-9999, ,-9999, , ,-9999,-9999,FIS1,33720.3217163086,1439.62507337411
115,322,AE, ,T,-9999, ,-9999, ,-9999, , ,-9999,-9999,FIS1,110356.536071777,2599.39077771393
116,323,AE, ,T,-9999, ,-9999, ,-9999, , ,-9999,-9999,FIS1,6124.89514160156,442.09045144063
117,324,AE, ,T,-9999, ,-9999, ,-9999, , ,-9999,-9999,FIS1,95166.1375732422,2051.24294454377
118,326,AE, ,T,-9999, ,-9999, ,-9999, , ,-9999,-9999,FIS1,129402.210388184,4217.74328126053
119,331,AE, ,T,-9999, ,-9999, ,-9999, , ,-9999,-9999,FIS1,109429.34979248,1949.59206457862
120,333,AE, ,T,-9999, ,-9999, ,-9999, , ,-9999,-9999,FIS1,23839.7913818359,994.275037525189
121,334,AE, ,T,-9999, ,-9999, ,-9999, , ,-9999,-9999,FIS1,120227.258850098,2631.44343640351
122,335,AE, ,T,-9999, ,-9999, ,-9999, , ,-9999,-9999,FIS1,260563.46697998,9094.73247852076
123,336,AE, ,T,-9999, ,-9999, ,-9999, , ,-9999,-9999,FIS1,32158.5930786133,1090.38699002659
124,339,AE, ,T,-9999, ,-9999, ,-9999, , ,-9999,-9999,FIS1,298167.344604492,14815.8209784909
125,340,AE, ,T,-9999, ,-9999, ,-9999, , ,-9999,-9999,FIS1,112534.598815918,3278.88326162125
126,341,AE, ,T,-9999, ,-9999, ,-9999, , ,-9999,-9999,FIS1,29784.7892456055,2739.22169760075
127,342,A, ,T,-9999, ,-9999, ,-9999, , ,-9999,-9999,FIS1,57558.6929321289,1557.0918850669
128,343,AE, ,T,-9999, ,-9999, ,-9999, , ,-9999,-9999,FIS1,4539.03405761719,590.993221322285
129,346,AE, ,T,-9999, ,-9999, ,-9999, , ,-9999,-9999,FIS1,17134.3666381836,1346.05881794192
130,348,AE, ,T,-9999, ,-9999, ,-9999, , ,-9999,-9999,FIS1,7784.26342773438,725.933220818207
131,350,AE, ,T,-9999, ,-9999, ,-9999, , ,-9999,-9999,FIS1,21185.7800292969,2029.39533147102
132,352,AE, ,T,-9999, ,-9999, ,-9999, , ,-9999,-9999,FIS1,13182.7367553711,609.757372408297
133,353,AE, ,T,-9999, ,-9999, ,-9999, , ,-9999,-9999,FIS1,122510.522521973,2420.92338699513
134,356,AE, ,T,-9999, ,-9999, ,-9999, , ,-9999,-9999,FIS1,2410.89050292969,367.950692816752
135,357,AE, ,T,-9999, ,-9999, ,-9999, , ,-9999,-9999,FIS1,85854.3339233398,2147.66672981817
136,358,AE, ,T,-9999, ,-9999, ,-9999, , ,-9999,-9999,FIS1,113898.265136719,3720.72580422566
137,360,AE, ,T,-9999, ,-9999, ,-9999, , ,-9999,-9999,FIS1,133063.344970703,3666.09229031902
138,363,AE, ,T,-9999, ,-9999, ,-9999, , ,-9999,-9999,FIS1,24468.2624511719,1348.66710033695
139,365,AE, ,T,-9999, ,-9999, ,-9999, , ,-9999,-9999,FIS1,35002.0532226563,896.526189127728
140,366,AE, ,T,-9999, ,-9999, ,-9999, , ,-9999,-9999,FIS1,91558.7991943359,1699.52651510929
141,367,AE, ,T,-9999, ,-9999, ,-9999, , ,-9999,-9999,FIS1,6361.64532470703,1045.49345260469
142,368,AE, ,T,-9999, ,-9999, ,-9999, , ,-9999,-9999,FIS1,10957.4404907227,1468.25684818672
143,372,AE, ,T,-9999, ,-9999, ,-9999, , ,-9999,-9999,FIS1,322602.528381348,5629.63013778149
144,375,AE, ,T,-9999, ,-9999, ,-9999, , ,-9999,-9999,FIS1,3256.06213378906,314.986990662061
145,376,AE, ,T,-9999, ,-9999, ,-9999, , ,-9999,-9999,FIS1,6704.14636230469,517.446059738336
146,378,AE, ,T,-9999, ,-9999, ,-9999, , ,-9999,-9999,FIS1,1341.77313232422,223.91985163206
147,379,AE, ,T,-9999, ,-9999, ,-9999, , ,-9999,-9999,FIS1,18504.8981933594,1007.77219359806
148,380,AE, ,T,-9999, ,-9999, ,-9999, , ,-9999,-9999,FIS1,1951.70538330078,236.601189486642
149,381,AE, ,T,-9999, ,-9999, ,-9999, , ,-9999,-9999,FIS1,24326.8625488281,901.122111820841
150,382,AE, ,T,-9999, ,-9999, ,-9999, , ,-9999,-9999,FIS1,50242.0025024414,2840.02693259702
151,383,AE, ,T,-9999, ,-9999, ,-9999, , ,-9999,-9999,FIS1,467822.702575684,6372.91696155596
152,384,AE, ,T,-9999, ,-9999, ,-9999, , ,-9999,-9999,FIS1,101507.091064453,3487.37172541723
153,387,AE, ,T,-9999, ,-9999, ,-9999, , ,-9999,-9999,FIS1,113742.374816895,2635.66825741361
154,388,AE, ,T,-9999, ,-9999, ,-9999, , ,-9999,-9999,FIS1,111502.480651855,2872.00553976876
155,389,AE, ,T,-9999, ,-9999, ,-9999, , ,-9999,-9999,FIS1,55445.4698486328,2181.31897244372
156,390,AE, ,T,-9999, ,-9999, ,-9999, , ,-9999,-9999,FIS1,387853.864807129,11998.638043285
157,391,AE, ,T,-9999, ,-9999, ,-9999, , ,-9999,-9999,FIS1,193561.900817871,3328.77603323566
158,394,AE, ,T,-9999, ,-9999, ,-9999, , ,-9999,-9999,FIS1,15939.1107788086,969.442404715676
159,400,AE, ,T,-9999, ,-9999, ,-9999, , ,-9999,-9999,FIS1,226183.939697266,7024.0912793933
160,403,AE, ,T,-9999, ,-9999, ,-9999, , ,-9999,-9999,FIS1,1583.61785888672,278.485826496517
161,405,AE, ,T,-9999, ,-9999, ,-9999, , ,-9999,-9999,FIS1,21295.4769287109,828.935822708713
162,406,AE, ,T,-9999, ,-9999, ,-9999, , ,-9999,-9999,FIS1,15167.3666992188,843.178032757597
163,408,AE, ,T,-9999, ,-9999, ,-9999, , ,-9999,-9999,FIS1,2688.01953125,621.028940196287
164,410,AE, ,T,-9999, ,-9999, ,-9999, , ,-9999,-9999,FIS1,22714.6208496094,878.175444910384
165,411,AE, ,T,-9999, ,-9999, ,-9999, , ,-9999,-9999,FIS1,19206.6233520508,2321.41928668864
166,415,AE, ,T,-9999, ,-9999, ,-9999, , ,-9999,-9999,FIS1,964.004638671875,185.649853864896
167,416,AE, ,T,-9999, ,-9999, ,-9999, , ,-9999,-9999,FIS1,8669.29028320313,606.972097033451
168,418,AE, ,T,-9999, ,-9999, ,-9999, , ,-9999,-9999,FIS1,24542.8406982422,1245.72503539299
169,421,AE, ,T,-9999, ,-9999, ,-9999, , ,-9999,-9999,FIS1,105194.391479492,3041.57523809742
170,422,AE, ,T,-9999, ,-9999, ,-9999, , ,-9999,-9999,FIS1,144257.230224609,4898.28574455305
171,425,AE, ,T,-9999, ,-9999, ,-9999, , ,-9999,-9999,FIS1,53648.2807617188,1890.25939270013
172,426,AE, ,T,-9999, ,-9999, ,-9999, , ,-9999,-9999,FIS1,1495.09594726563,388.030752181777
173,429,AE, ,T,-9999, ,-9999, ,-9999, , ,-9999,-9999,FIS1,15191.3212280273,802.063821364448
174,430,AE, ,T,-9999, ,-9999, ,-9999, , ,-9999,-9999,FIS1,6663.22430419922,838.671365819527
175,431,AE, ,T,-9999, ,-9999, ,-9999, , ,-9999,-9999,FIS1,642399.885925293,15823.475256877
176,432,AE, ,T,-9999, ,-9999, ,-9999, , ,-9999,-9999,FIS1,131032.842468262,2426.98542825546
177,434,AE, ,T,-9999, ,-9999, ,-9999, , ,-9999,-9999,FIS1,30707.5025024414,1451.3965390065
178,435,AE, ,T,-9999, ,-9999, ,-9999, , ,-9999,-9999,FIS1,4454.85192871094,395.963186528637
179,436,AE, ,T,-9999, ,-9999, ,-9999, , ,-9999,-9999,FIS1,23007.530456543,1213.27059844001
180,437,AE, ,T,-9999, ,-9999, ,-9999, , ,-9999,-9999,FIS1,119015.669677734,1937.75481026583
181,439,AE, ,T,-9999, ,-9999, ,-9999, , ,-9999,-9999,FIS1,13928.8665161133,1344.09353538049
182,440,AE, ,T,-9999, ,-9999, ,-9999, , ,-9999,-9999,FIS1,319983.677246094,6899.81889492049
183,441,AE, ,T,-9999, ,-9999, ,-9999, , ,-9999,-9999,FIS1,11040.9908447266,789.57095053728
184,443,A, ,T,-9999, ,-9999, ,-9999, , ,-9999,-9999,FIS1,211379.491943359,5121.77355852277
185,445,AE, ,T,-9999, ,-9999, ,-9999, , ,-9999,-9999,FIS1,1165816.1072998,17679.0581026375
186,446,A, ,T,-9999, ,-9999, ,-9999, , ,-9999,-9999,FIS1,838885.702087402,7422.42551000316
187,447,AE, ,T,-9999, ,-9999, ,-9999, , ,-9999,-9999,FIS1,42026.8884277344,1805.38557942319
188,448,AE, ,T,-9999, ,-9999, ,-9999, , ,-9999,-9999,FIS1,12584.5621337891,1776.67209326003
189,450,AE, ,T,-9999, ,-9999, ,-9999, , ,-9999,-9999,FIS1,14709.9418945313,1874.82821035238
190,451,AE, ,T,-9999, ,-9999, ,-9999, , ,-9999,-9999,FIS1,15386.6741333008,1020.84525799609
191,453,AE, ,T,-9999, ,-9999, ,-9999, , ,-9999,-9999,FIS1,41511.357421875,2571.66616020034
192,455,AE, ,T,-9999, ,-9999, ,-9999, , ,-9999,-9999,FIS1,95677.1229858398,3844.69590388249
193,458,AE, ,T,-9999, ,-9999, ,-9999, , ,-9999,-9999,FIS1,10370.8685302734,696.721325886896
194,459,AE, ,T,-9999, ,-9999, ,-9999, , ,-9999,-9999,FIS1,141522.25402832,5485.3472847889
195,461,AE, ,T,-9999, ,-9999, ,-9999, , ,-9999,-9999,FIS1,962.293518066406,157.120522624573
196,464,AE, ,T,-9999, ,-9999, ,-9999, , ,-9999,-9999,FIS1,23110.9154052734,901.51913544655
197,465,AE, ,T,-9999, ,-9999, ,-9999, , ,-9999,-9999,FIS1,19890.5472412109,725.479657844051
198,466,AE, ,T,-9999, ,-9999, ,-9999, , ,-9999,-9999,FIS1,354032.09777832,6070.1474207615
199,468,AE, ,T,-9999, ,-9999, ,-9999, , ,-9999,-9999,FIS1,31186.5633544922,864.673828309161
200,471,AE, ,T,-9999, ,-9999, ,-9999, , ,-9999,-9999,FIS1,74919.7205200195,1794.4067907197
201,474,AE, ,T,-9999, ,-9999, ,-9999, , ,-9999,-9999,FIS1,168495.397583008,5416.27905252348
202,478,AE, ,T,-9999, ,-9999, ,-9999, , ,-9999,-9999,FIS1,145075.558105469,4364.29910198566
203,479,AE, ,T,-9999, ,-9999, ,-9999, , ,-9999,-9999,FIS1,157.884399414063,100.656836194771
204,480,AE, ,T,-9999, ,-9999, ,-9999, , ,-9999,-9999,FIS1,151271.83001709,3045.37978266372
205,482,AE, ,T,-9999, ,-9999, ,-9999, , ,-9999,-9999,FIS1,7469.50823974609,1148.67972334957
206,484,AE, ,T,-9999, ,-9999, ,-9999, , ,-9999,-9999,FIS1,1073.51391601563,278.805694314567
207,486,AE, ,T,-9999, ,-9999, ,-9999, , ,-9999,-9999,FIS1,17723.7108764648,1175.98159396978
208,487,AE, ,T,-9999, ,-9999, ,-9999, , ,-9999,-9999,FIS1,838.894897460938,254.725474121836
209,489,AE, ,T,-9999, ,-9999, ,-9999, , ,-9999,-9999,FIS1,39291.6293334961,1533.36985274382
210,491,AE, ,T,-9999, ,-9999, ,-9999, , ,-9999,-9999,FIS1,39639.017578125,931.070217924777
211,492,AE, ,T,-9999, ,-9999, ,-9999, , ,-9999,-9999,FIS1,267502.139465332,3941.90919078848
212,495,AE, ,T,-9999, ,-9999, ,-9999, , ,-9999,-9999,FIS1,54232.4920043945,1653.29697271833
213,496,AE, ,T,-9999, ,-9999, ,-9999, , ,-9999,-9999,FIS1,12068.8034667969,2094.09153958619
214,497,AE, ,T,-9999, ,-9999, ,-9999, , ,-9999,-9999,FIS1,162.330688476563,92.6720861031963
215,498,AE, ,T,-9999, ,-9999, ,-9999, , ,-9999,-9999,FIS1,87871.3485717773,2479.69854986611
216,499,AE, ,T,-9999, ,-9999, ,-9999, , ,-9999,-9999,FIS1,563.341430664063,128.686251910186
217,503,AE, ,T,-9999, ,-9999, ,-9999, , ,-9999,-9999,FIS1,7673.16955566406,494.052260997029
218,506,AE, ,T,-9999, ,-9999, ,-9999, , ,-9999,-9999,FIS1,6891.32263183594,713.184933244887
219,508,AE, ,T,-9999, ,-9999, ,-9999, , ,-9999,-9999,FIS1,43858.7283325195,2175.84508100405
220,510,AE, ,T,-9999, ,-9999, ,-9999, , ,-9999,-9999,FIS1,183258.655883789,2603.6239080072
221,511,AE, ,T,-9999, ,-9999, ,-9999, , ,-9999,-9999,FIS1,3174.69329833984,398.965894928597
222,513,AE, ,T,-9999, ,-9999, ,-9999, , ,-9999,-9999,FIS1,64652.3331298828,1456.74252161552
223,514,AE, ,T,-9999, ,-9999, ,-9999, , ,-9999,-9999,FIS1,27758.6611938477,2254.93981896823
224,515,AE, ,T,-9999, ,-9999, ,-9999, , ,-9999,-9999,FIS1,279309.746948242,8847.21145336208
225,517,AE, ,T,-9999, ,-9999, ,-9999, , ,-9999,-9999,FIS1,54677.3519897461,2441.335422718
226,523,AE, ,T,-9999, ,-9999, ,-9999, , ,-9999,-9999,FIS1,2612.40850830078,477.959281542906
227,525,AE, ,T,-9999, ,-9999, ,-9999, , ,-9999,-9999,FIS1,28994.0442504883,1112.04419029752
228,528,AE, ,T,-9999, ,-9999, ,-9999, , ,-9999,-9999,FIS1,96560.908996582,2097.87025698565
229,529,AE, ,T,-9999, ,-9999, ,-9999, , ,-9999,-9999,FIS1,10509.5020141602,751.69197287269
230,530,AE, ,T,-9999, ,-9999, ,-9999, , ,-9999,-9999,FIS1,4020.28167724609,358.245247702415
231,532,AE, ,T,-9999, ,-9999, ,-9999, , ,-9999,-9999,FIS1,875.421569824219,182.043356566159
232,533,AE, ,T,-9999, ,-9999, ,-9999, , ,-9999,-9999,FIS1,539334.908874512,9762.16864014974
233,537,AE, ,T,-9999, ,-9999, ,-9999, , ,-9999,-9999,FIS1,12604.4915161133,894.495517601912
234,538,AE, ,T,-9999, ,-9999, ,-9999, , ,-9999,-9999,FIS1,76473.532409668,4915.32445720643
235,542,AE, ,T,-9999, ,-9999, ,-9999, , ,-9999,-9999,FIS1,28877.2157592773,1314.40793723679
236,544,AE, ,T,-9999, ,-9999, ,-9999, , ,-9999,-9999,FIS1,570020.619689941,7406.9438633528
237,548,AE, ,T,-9999, ,-9999, ,-9999, , ,-9999,-9999,FIS1,608099.212097168,4970.58072501616
238,552,AE, ,T,-9999, ,-9999, ,-9999, , ,-9999,-9999,FIS1,7259.82757568359,1375.47000566815
239,555,AE, ,T,-9999, ,-9999, ,-9999, , ,-9999,-9999,FIS1,72358.3377685547,2977.62316964448
240,558,AE, ,T,-9999, ,-9999, ,-9999, , ,-9999,-9999,FIS1,102747.124206543,1330.55984835069
241,559,AE, ,T,-9999, ,-9999, ,-9999, , ,-9999,-9999,FIS1,14871.0098266602,904.236493429039
242,561,AE, ,T,-9999, ,-9999, ,-9999, , ,-9999,-9999,FIS1,109694.580810547,3897.77238497144
243,565,AE, ,T,-9999, ,-9999, ,-9999, , ,-9999,-9999,FIS1,26004.8334350586,1047.85753852591
244,568,AE, ,T,-9999, ,-9999, ,-9999, , ,-9999,-9999,FIS1,7196.37274169922,372.37204156859
245,569,AE, ,T,-9999, ,-9999, ,-9999, , ,-9999,-9999,FIS1,221977.930725098,3176.75583319443
246,573,AE, ,T,-9999, ,-9999, ,-9999, , ,-9999,-9999,FIS1,3955147.87982178,58913.8778189391
247,575,AE, ,T,-9999, ,-9999, ,-9999, , ,-9999,-9999,FIS1,186179.431945801,2033.52620092563
248,576,AE, ,T,-9999, ,-9999, ,-9999, , ,-9999,-9999,FIS1,171930.183837891,5531.37491293377
249,577,AE, ,T,-9999, ,-9999, ,-9999, , ,-9999,-9999,FIS1,4478.99957275391,364.754321168513
250,580,AE, ,T,-9999, ,-9999, ,-9999, , ,-9999,-9999,FIS1,2272408.28430176,24501.4039360693
251,601,AE, ,T,-9999, ,-9999, ,-9999, , ,-9999,-9999,FIS1,52921.2061767578,2816.47562129754
252,610,AE, ,T,-9999, ,-9999, ,-9999, , ,-9999,-9999,FIS1,363197.345336914,11039.4984733379
253,645,AE, ,T,-9999, ,-9999, ,-9999, , ,-9999,-9999,FIS1,4195.02014160156,738.189941174284
254,646,AE, ,T,-9999, ,-9999, ,-9999, , ,-9999,-9999,FIS1,9784.36791992188,466.996908981439
255,649,AE, ,T,-9999, ,-9999, ,-9999, , ,-9999,-9999,FIS1,1220.37524414063,209.931136243928
256,652,AE, ,T,-9999, ,-9999, ,-9999, , ,-9999,-9999,FIS1,6320.55010986328,482.903430289132
257,653,AE, ,T,-9999, ,-9999, ,-9999, , ,-9999,-9999,FIS1,674.716186523438,174.347642465674
258,654,A, ,T,-9999, ,-9999, ,-9999, , ,-9999,-9999,FIS1,412427.20123291,5006.50291796311
259,660,AE, ,T,-9999, ,-9999, ,-9999, , ,-9999,-9999,FIS1,79458.4883422852,3303.38936314853
260,666,AE, ,T,-9999, ,-9999, ,-9999, , ,-9999,-9999,FIS1,7784.37976074219,790.636281271302
261,675,AE, ,T,-9999, ,-9999, ,-9999, , ,-9999,-9999,FIS1,2961.73236083984,227.127084574847
262,676,AE, ,T,-9999, ,-9999, ,-9999, , ,-9999,-9999,FIS1,147702.333374023,2611.61887353941
263,681,AE, ,T,-9999, ,-9999, ,-9999, , ,-9999,-9999,FIS1,53244.0944213867,2264.55509308867
264,683,AE, ,T,-9999, ,-9999, ,-9999, , ,-9999,-9999,FIS1,433314.371520996,5986.6840739577
265,684,AE, ,T,-9999, ,-9999, ,-9999, , ,-9999,-9999,FIS1,116765.482666016,3761.6488578453
266,687,AE, ,T,-9999, ,-9999, ,-9999, , ,-9999,-9999,FIS1,32519.8392944336,1421.32754358761
267,688,AE, ,T,-9999, ,-9999, ,-9999, , ,-9999,-9999,FIS1,14488.114440918,1164.09735921131
268,689,AE, ,T,-9999, ,-9999, ,-9999, , ,-9999,-9999,FIS1,2281.71478271484,501.948956052538
269,691,AE, ,T,-9999, ,-9999, ,-9999, , ,-9999,-9999,FIS1,5009415.08996582,49577.7732570723
270,692,AE, ,T,-9999, ,-9999, ,-9999, , ,-9999,-9999,FIS1,232359.884033203,3590.15729410366
271,698,AE, ,T,-9999, ,-9999, ,-9999, , ,-9999,-9999,FIS1,148576.546081543,3158.12651037978
272,699,AE, ,T,-9999, ,-9999, ,-9999, , ,-9999,-9999,FIS1,25483.3242797852,1140.95903639452
273,701,AE, ,T,-9999, ,-9999, ,-9999, , ,-9999,-9999,FIS1,4251.25158691406,463.01787225073
274,702,AE, ,T,-9999, ,-9999, ,-9999, , ,-9999,-9999,FIS1,4120718.75341797,32997.1834290322
275,704,AE, ,T,-9999, ,-9999, ,-9999, , ,-9999,-9999,FIS1,4317.74780273438,415.232583209618
276,718,AE, ,T,-9999, ,-9999, ,-9999, , ,-9999,-9999,FIS1,64247.7746582031,1453.65161439251
277,732,AE, ,T,-9999, ,-9999, ,-9999, , ,-9999,-9999,FIS1,93335.4930419922,3957.64415188457
278,741,AE, ,T,-9999, ,-9999, ,-9999, , ,-9999,-9999,FIS1,149784.723266602,5488.60653479444
279,748,AE, ,T,-9999, ,-9999, ,-9999, , ,-9999,-9999,FIS1,85374.971496582,3111.19980372121
280,756,AE, ,T,-9999, ,-9999, ,-9999, , ,-9999,-9999,FIS1,147286.08807373,2461.46389540839
281,757,AE, ,T,-9999, ,-9999, ,-9999, , ,-9999,-9999,FIS1,50632.8624267578,1489.01970309649
282,763,AE, ,T,-9999, ,-9999, ,-9999, , ,-9999,-9999,FIS1,1901.43231201172,293.598257724107
283,765,AE, ,T,-9999, ,-9999, ,-9999, , ,-9999,-9999,FIS1,124061.670776367,4123.98996693086
284,769,AE, ,T,-9999, ,-9999, ,-9999, , ,-9999,-9999,FIS1,317031.218078613,5615.31919638836
285,772,AE, ,T,-9999, ,-9999, ,-9999, , ,-9999,-9999,FIS1,605.595947265625,160.644011468007
286,774,AE, ,T,-9999, ,-9999, ,-9999, , ,-9999,-9999,FIS1,78688.5431518555,3537.75030286661
287,776,AE, ,T,-9999, ,-9999, ,-9999, , ,-9999,-9999,FIS1,117986.842773438,5634.40437185662
288,777,AE, ,T,-9999, ,-9999, ,-9999, , ,-9999,-9999,FIS1,55334.037109375,1195.00860852032
289,778,AE, ,T,-9999, ,-9999, ,-9999, , ,-9999,-9999,FIS1,20241.2979125977,1901.38622801866
290,786,AE, ,T,-9999, ,-9999, ,-9999, , ,-9999,-9999,FIS1,2261446.82312012,21230.2277974321
291,835,A, ,T,-9999, ,-9999, ,-9999, , ,-9999,-9999,FIS1,2806454.48248291,13867.9042025565
292,978,AE, ,T,-9999, ,-9999, ,-9999, , ,-9999,-9999,LOMC1,1725237.52392578,20090.690256017
293,979,AE,FLOODWAY,T,-9999, ,-9999, ,-9999, , ,-9999,-9999,LOMC1,3495043.60430908,20092.3266283072
294,989,AE, ,T,13,NGVD29,-9999,FEET,-9999, , ,-9999,-9999,FIS2,18035915.4507446,51568.0844396896
295,990,AE, ,T,12,NGVD29,-9999,FEET,-9999, , ,-9999,-9999,FIS2,91435768.7280273,162678.707124616
296,991,AE, ,T,11,NGVD29,-9999,FEET,-9999, , ,-9999,-9999,FIS2,2373928.47668457,12530.2833974239
297,992,AE, ,T,11,NGVD29,-9999,FEET,-9999, , ,-9999,-9999,FIS2,43918.2054443359,3190.53423422814
298,993,AE,FLOODWAY,T,11,NGVD29,-9999,FEET,-9999, , ,-9999,-9999,FIS2,126080.075622559,2050.49141329305
299,994,AE, ,T,11,NGVD29,-9999,FEET,-9999, , ,-9999,-9999,FIS2,5347.06579589844,1081.18631316586
300,995,AE, ,T,11,NGVD29,-9999,FEET,-9999, , ,-9999,-9999,FIS2,4092259.89001465,18301.9336002033
301,996,AE, ,T,11,NGVD29,-9999,FEET,-9999, , ,-9999,-9999,FIS2,1098976.24829102,12668.6299601006
302,997,AE, ,T,11,NGVD29,-9999,FEET,-9999, , ,-9999,-9999,FIS2,173529.390808105,3353.42784027685
303,998,AE, ,T,11,NGVD29,-9999,FEET,-9999, , ,-9999,-9999,FIS2,544346.251342773,4401.55023106222
304,999,AE, ,T,11,NGVD29,-9999,FEET,-9999, , ,-9999,-9999,FIS2,500073.229980469,5382.82834569941
305,1000,AE, ,T,27,NGVD29,-9999,FEET,-9999, , ,-9999,-9999,FIS1,2787.71655273438,281.996963860824
306,1001,AE, ,T,11,NGVD29,-9999,FEET,-9999, , ,-9999,-9999,FIS2,430437.467773438,4236.47047161713
307,1002,AE, ,T,11,NGVD29,-9999,FEET,-9999, , ,-9999,-9999,FIS2,1535295.79962158,7776.67537916419
308,1003,AE, ,T,11,NGVD29,-9999,FEET,-9999, , ,-9999,-9999,FIS2,1347374.09094238,9608.55202111783
309,1004,AE, ,T,11,NGVD29,-9999,FEET,-9999, , ,-9999,-9999,FIS2,205914.16394043,3129.45956137873
310,1005,AE, ,T,11,NGVD29,-9999,FEET,-9999, , ,-9999,-9999,FIS2,34975.8381958008,1161.5717868172
311,1006,AE, ,T,11,NGVD29,-9999,FEET,-9999, , ,-9999,-9999,FIS2,2757685.80664063,21203.4801424355
312,1007,AE, ,T,11,NGVD29,-9999,FEET,-9999, , ,-9999,-9999,FIS2,270163.055114746,2704.52721083378
313,1008,AE, ,T,11,NGVD29,-9999,FEET,-9999, , ,-9999,-9999,FIS2,39882.1326293945,1357.17592045005
314,1009,AE, ,T,18,NGVD29,-9999,FEET,-9999, , ,-9999,-9999,FIS1,3729.38745117188,295.591966295599
315,1010,AE, ,T,11,NGVD29,-9999,FEET,-9999, , ,-9999,-9999,FIS2,1457978.31671143,12573.0709816997
316,1011,AE, ,T,10,NGVD29,-9999,FEET,-9999, , ,-9999,-9999,FIS2,86282.0532226563,1864.97219881468
317,1012,AE, ,T,11,NGVD29,-9999,FEET,-9999, , ,-9999,-9999,FIS2,60931.6227416992,1870.90038993229
318,1013,AE, ,T,11,NGVD29,-9999,FEET,-9999, , ,-9999,-9999,FIS2,8192.51007080078,496.815075996736
319,1014,AE, ,T,11,NGVD29,-9999,FEET,-9999, , ,-9999,-9999,FIS2,7305.63977050781,423.877276023455
320,1015,AE, ,T,11,NGVD29,-9999,FEET,-9999, , ,-9999,-9999,FIS2,20891.6991577148,772.84013416717
321,1016,AE, ,T,11,NGVD29,-9999,FEET,-9999, , ,-9999,-9999,FIS2,481837.318664551,9156.92229469444
322,1017,AE, ,T,10,NGVD29,-9999,FEET,-9999, , ,-9999,-9999,FIS2,14339422.7518921,73972.1495819954
323,1018,AE,FLOODWAY,T,10,NGVD29,-9999,FEET,-9999, , ,-9999,-9999,FIS2,10191998.5930786,35987.5482911568
324,1019,AE, ,T,10,NGVD29,-9999,FEET,-9999, , ,-9999,-9999,FIS2,18792263.8731689,50730.3008897364
325,1020,AE, ,T,11,NGVD29,-9999,FEET,-9999, , ,-9999,-9999,FIS2,63539.7560424805,2987.39878850353
326,1021,AE, ,T,15,NGVD29,-9999,FEET,-9999, , ,-9999,-9999,FIS2,843077.861938477,4112.97703051775
327,1022,AE, ,T,11,NGVD29,-9999,FEET,-9999, , ,-9999,-9999,FIS2,17511.0951538086,793.856981628421
328,1023,AE, ,T,12,NGVD29,-9999,FEET,-9999, , ,-9999,-9999,FIS2,17964022.1696777,53350.9619326208
329,1024,AE, ,T,10,NGVD29,-9999,FEET,-9999, , ,-9999,-9999,FIS2,100008.901367188,2825.99819347297
330,1025,AE, ,T,11,NGVD29,-9999,FEET,-9999, , ,-9999,-9999,FIS2,7814901.20141602,37150.1728868254
331,1026,AE, ,T,10,NGVD29,-9999,FEET,-9999, , ,-9999,-9999,FIS2,271865.00012207,4823.96203909765
332,1027,AE, ,T,10,NGVD29,-9999,FEET,-9999, , ,-9999,-9999,FIS2,522098.591796875,5692.16765015779
333,1028,AE, ,T,11,NGVD29,-9999,FEET,-9999, , ,-9999,-9999,FIS2,33929.0263061523,1548.64906458556
334,1029,AE, ,T,10,NGVD29,-9999,FEET,-9999, , ,-9999,-9999,FIS2,1509283.74005127,6802.63484760141
335,1030,AE, ,T,10,NGVD29,-9999,FEET,-9999, , ,-9999,-9999,FIS2,407513.402832031,3899.88284587856
336,1031,AE, ,T,10,NGVD29,-9999,FEET,-9999, , ,-9999,-9999,FIS2,44305115.7088013,129189.902879569
337,1032,AE, ,T,10,NGVD29,-9999,FEET,-9999, , ,-9999,-9999,FIS2,29980739.6235962,161091.781663173
338,1033,AE, ,T,11,NGVD29,-9999,FEET,-9999, , ,-9999,-9999,FIS2,8258605.15118408,18389.052996618
339,1034,AE, ,T,10,NGVD29,-9999,FEET,-9999, , ,-9999,-9999,FIS2,12038.016418457,507.294164605091
340,1035,AE, ,T,11,NGVD29,-9999,FEET,-9999, , ,-9999,-9999,FIS2,2411789.82666016,19376.4363909426
341,1036,AE, ,T,11,NGVD29,-9999,FEET,-9999, , ,-9999,-9999,FIS2,677062.10949707,8846.67946852903
342,1037,AE, ,T,10,NGVD29,-9999,FEET,-9999, , ,-9999,-9999,FIS2,18666.4864501953,869.732491742954
343,1038,AE,FLOODWAY,T,11,NGVD29,-9999,FEET,-9999, , ,-9999,-9999,FIS2,1293069.81402588,5398.4141145578
344,1039,AE, ,T,11,NGVD29,-9999,FEET,-9999, , ,-9999,-9999,FIS2,5657270.44714355,14059.8713271084
345,1040,AE, ,T,12,NGVD29,-9999,FEET,-9999, , ,-9999,-9999,FIS2,366190.706604004,6599.39186837849
346,1041,AE, ,T,11,NGVD29,-9999,FEET,-9999, , ,-9999,-9999,FIS2,123919.457580566,5374.46615281517
347,1042,AE, ,T,10,NGVD29,-9999,FEET,-9999, , ,-9999,-9999,FIS2,88559.5474853516,1787.16666891778
348,1043,AE, ,T,11,NGVD29,-9999,FEET,-9999, , ,-9999,-9999,FIS2,12517598.1773071,53464.5829769139
349,1044,AE, ,T,11,NGVD29,-9999,FEET,-9999, , ,-9999,-9999,FIS2,6400315.40533447,30055.1602370664
350,1045,AE, ,T,11,NGVD29,-9999,FEET,-9999, , ,-9999,-9999,FIS2,328495.81829834,3419.14921419293
351,1046,AE,FLOODWAY,T,12,NGVD29,-9999,FEET,-9999, , ,-9999,-9999,FIS2,1897971.75164795,6393.38408406446
352,1047,AE, ,T,10,NGVD29,-9999,FEET,-9999, , ,-9999,-9999,FIS2,42084.0190429688,1387.90339069947
353,1048,AE, ,T,10,NGVD29,-9999,FEET,-9999, , ,-9999,-9999,FIS2,870643.226806641,8586.86414361455
354,1049,AE, ,T,12,NGVD29,-9999,FEET,-9999, , ,-9999,-9999,FIS2,2687315.21875,10061.5723728552
355,1050,AE, ,T,10,NGVD29,-9999,FEET,-9999, , ,-9999,-9999,FIS2,14863.6088867188,627.353553745527
356,1051,AE, ,T,12,NGVD29,-9999,FEET,-9999, , ,-9999,-9999,FIS2,151346.64666748,4818.86057496808
357,1052,AE, ,T,10,NGVD29,-9999,FEET,-9999, , ,-9999,-9999,FIS2,459780.105773926,7225.30479090688
358,1053,AE, ,T,13,NGVD29,-9999,FEET,-9999, , ,-9999,-9999,FIS2,911653.877502441,3855.79985973062
359,1054,AE, ,T,11,NGVD29,-9999,FEET,-9999, , ,-9999,-9999,FIS2,12019620.3428955,32782.6328108234
360,1055,AE, ,T,12,NGVD29,-9999,FEET,-9999, , ,-9999,-9999,FIS2,828649.868530273,3694.85720982512
361,1056,AE, ,T,13,NGVD29,-9999,FEET,-9999, , ,-9999,-9999,FIS2,1583211.24414063,5246.09695705356
362,1057,AE, ,T,12,NGVD29,-9999,FEET,-9999, , ,-9999,-9999,FIS2,1362113.75927734,10576.1619887939
363,1058,AE, ,T,10,NGVD29,-9999,FEET,-9999, , ,-9999,-9999,FIS2,43192.8535766602,1061.25067297622
364,1059,AE, ,T,11,NGVD29,-9999,FEET,-9999, , ,-9999,-9999,FIS2,257170.102600098,3199.08913823468
365,1060,AE, ,T,10,NGVD29,-9999,FEET,-9999, , ,-9999,-9999,FIS2,9934411.01000977,38349.3822800129
366,1061,AE, ,T,11,NGVD29,-9999,FEET,-9999, , ,-9999,-9999,FIS2,254725.666625977,3259.22292031799
367,1062,AE, ,T,12,NGVD29,-9999,FEET,-9999, , ,-9999,-9999,FIS2,68938.0526733398,1980.4679135623
368,1063,AE, ,T,10,NGVD29,-9999,FEET,-9999, , ,-9999,-9999,FIS2,101882.927429199,1418.95835183993
369,1064,AE, ,T,10,NGVD29,-9999,FEET,-9999, , ,-9999,-9999,FIS2,114237.425354004,1634.83037325157
370,1065,AE, ,T,10,NGVD29,-9999,FEET,-9999, , ,-9999,-9999,FIS2,4375505.71777344,36533.9178391327
371,1066,AE, ,T,10,NGVD29,-9999,FEET,-9999, , ,-9999,-9999,FIS2,461299.205505371,3002.26742791212
372,1067,AE, ,T,12,NGVD29,-9999,FEET,-9999, , ,-9999,-9999,FIS2,37153.1961669922,1606.59387348429
373,1068,AE, ,T,10,NGVD29,-9999,FEET,-9999, , ,-9999,-9999,FIS2,3140694.99041748,18206.4666502553
374,1069,AE, ,T,11,NGVD29,-9999,FEET,-9999, , ,-9999,-9999,FIS2,209634.434753418,1879.81551859507
375,1070,AE, ,T,11,NGVD29,-9999,FEET,-9999, , ,-9999,-9999,FIS2,197342.808410645,4251.55321865554
376,1071,AE, ,T,11,NGVD29,-9999,FEET,-9999, , ,-9999,-9999,FIS2,56809.4194335938,2572.68335580553
377,1072,AE, ,T,11,NGVD29,-9999,FEET,-9999, , ,-9999,-9999,FIS2,45725.9501953125,1347.14656623572
378,1076,AE, ,T,11,NGVD29,-9999,FEET,-9999, , ,-9999,-9999,FIS2,25555683.7492065,99296.5011898696
379,1079,AE, ,T,-9999, ,-9999, ,-9999, , ,-9999,-9999,FIS1,2818365.65344238,47413.2927514418
380,1080,AE, ,T,-9999, ,-9999, ,-9999, , ,-9999,-9999,FIS2,3441513.31860352,15353.4309148696
